slope_cat,mean_max_power,mean_min_power,mean_consumption_per_km
"(-10.0, -6.0]",1.515952,-24.781348000000012,-0.28114588764675985
"(-2.0, 2.0]",24.199679391100712,-16.84884051522248,0.09683609148903295
"(-6.0, -2.0]",8.644304166666666,-21.93686166666667,-0.17358473678473674
"(2.0, 6.0]",45.138526851851836,-9.537146296296301,0.37764753465615125
"(6.0, 10.0]",49.18085714285714,-12.03327619047619,0.6369032485957341
