slope_cat,mean_max_power,mean_min_power,mean_consumption_per_km
"(-10.0, -6.0]",2.0671428571428576,-25.81971428571428,-0.2372414790786237
"(-2.0, 2.0]",24.315407954545456,-16.780496022727274,0.07017607341380784
"(-6.0, -2.0]",7.761458333333335,-21.75644814814816,-0.14911729278007335
"(2.0, 6.0]",45.47997319587628,-9.214202061855671,0.3335035055089801
"(6.0, 10.0]",50.61333333333333,-13.353222222222222,0.583841266599818
