slope_cat,mean_max_power,mean_min_power,mean_consumption_per_km
"(-10.0, -7.5]",-0.6196499999999998,-18.712699999999998,-0.26390886721316276
"(-2.5, 0.0]",15.454131054131063,-13.496532763532786,0.041448844498493474
"(-5.0, -2.5]",0.7631567164179102,-18.704865671641787,-0.15511041270895742
"(-7.5, -5.0]",-1.862808510638298,-21.605085106382973,-0.22401422268196047
"(0.0, 2.5]",22.813200000000005,-11.913757746478874,0.14364792036239662
"(2.5, 5.0]",39.20547727272727,-2.747613636363635,0.3583613689235764
"(5.0, 7.5]",46.627904761904766,-7.500785714285715,0.5088338944365105
"(7.5, 10.0]",46.45009523809523,-0.864190476190476,0.6269876072187983
