,slope_cat,mean_power_by_slope
0,"(-10.0, -5.0]",-5.902132665598291
1,"(-5.0, 0.0]",-0.42695140463468295
2,"(0.0, 5.0]",5.586147537486704
3,"(5.0, 10.0]",12.5420100509635
