slope_cat,mean_power_by_slope,mean_min_acc,mean_consumption_per_km
"(-10.0, -7.5]",-16.15867857142857,-0.54,-0.3184250167466065
"(-2.5, 0.0]",0.4213395450862456,-0.8830808080808078,0.028695765021576104
"(-5.0, -2.5]",-8.998501034950777,-0.40272727272727277,-0.15875881542547107
"(-7.5, -5.0]",-10.094254580855864,-0.9227272727272727,-0.2555385142801946
"(0.0, 2.5]",4.701392548600077,-0.8828380281690137,0.1251519368456612
"(2.5, 5.0]",18.59187055924737,-0.7570931372549017,0.3282372206078512
"(5.0, 7.5]",19.498724295754627,-1.4533333333333334,0.5381911493236327
"(7.5, 10.0]",23.573052991452993,-1.1233333333333333,0.553207439038588
